[{"id":1,"nombre":"Azuay","cantones":[{"id":1,"nombre":"Cuenca","parroquias":["Bellavista","Cañaribamba","El Batán","El Sagrario","El Vecino","Gil Ramírez Dávalos","Huaynacápac","Machángara","Monay","San Blas","San Sebastián","Sucre","Totoracocha","Yanuncay","Hermano Miguel","Cuenca","Baños","Cumbe","Chaucha","Checa Jidcay","Chiquintad","Llacao","Molleturo","Nulti","Octavio Cordero Palacios Santa Rosa","Paccha","Quingeo","Ricaurte","San Joaquín","Santa Ana","Sayausí","Sidcay","Sinincay","Tarqui","Turi","Valle","Victoria del Portete Irquis"]},{"id":2,"nombre":"Girón","parroquias":["Girón","Asunción","San Gerardo"]},{"id":3,"nombre":"Gualaceo","parroquias":["Gualaceo","Chordeleg","Daniel Córdova Toral El Oriente","Jadán","Mariano Moreno","Principal","Remigio Crespo Toral Gúlag","San Juan","Zhidmad","Luis Cordero Vega","Simón Bolívar Cab. En Gañanzol"]},{"id":4,"nombre":"Nabón","parroquias":["Nabón","Cochapata","El Progreso Cab.En Zhota","Las Nieves Chaya","Oña"]},{"id":5,"nombre":"Paute","parroquias":["Paute","Amaluza","Bulán José Víctor Izquierdo","Chicán Guillermo Ortega","El Cabo","Guachapala","Guarainag","Palmas","Pan","San Cristóbal Carlos Ordóñez Lazo","Sevilla de Oro","Tomebamba","Dug Dug"]},{"id":6,"nombre":"Pucara","parroquias":["Pucará","Camilo Ponce Enríquez Cab. En Río 7 de Mollepongo","San Rafael de Sharug"]},{"id":7,"nombre":"San Fernando","parroquias":["San Fernando","Chumblín"]},{"id":8,"nombre":"Santa Isabel","parroquias":["Santa Isabel Chaguarurco","Abdón Calderón La Unión","El Carmen de Pijilí","Zhaglli Shaglli","San Salvador de Cañaribamba"]},{"id":9,"nombre":"Sigsig","parroquias":["Sigsig","Cuchil Cutchil","Gima","Guel","Ludo","San Bartolomé","San José de Raranga"]},{"id":10,"nombre":"Oña","parroquias":["San Felipe de Oña Cabecera Cantonal","Susudel"]},{"id":11,"nombre":"Chordeleg","parroquias":["Chordeleg","Principal","La Unión","Luis Galarza Orellana Cab.En Delegsol","San Martín de Puzhio"]},{"id":12,"nombre":"El Pan","parroquias":["El Pan","Amaluza","Palmas","San Vicente"]},{"id":13,"nombre":"Sevilla de Oro","parroquias":["Sevilla de Oro","Amaluza","Palmas"]},{"id":14,"nombre":"Guachapala","parroquias":["Guachapala"]},{"id":15,"nombre":"Camilo Ponce Enríquez","parroquias":["Camilo Ponce Enríquez","El Carmen de Pijilí"]}]},{"id":2,"nombre":"Bolívar","cantones":[{"id":16,"nombre":"Guaranda","parroquias":["Ángel Polibio Cháves","Gabriel Ignacio Veintimilla","Guanujo","Guaranda","Facundo Vela","Guanujo","Julio E. Moreno Catanahuán Grande","Las Naves","Salinas","San Lorenzo","San Simón Yacoto","Santa Fé Santa Fé","Simiátug","San Luis de Pambil"]},{"id":17,"nombre":"Chillanes","parroquias":["Chillanes","San José del Tambo Tambopamba"]},{"id":18,"nombre":"Chimbo","parroquias":["San José de Chimbo","Asunción Asancoto","Caluma","Magdalena Chapacoto","San Sebastián","Telimbela"]},{"id":19,"nombre":"Echeandía","parroquias":["Echeandía"]},{"id":20,"nombre":"San Miguel","parroquias":["San Miguel","Balsapamba","Bilován","Régulo de Mora","San Pablo San Pablo de Atenas","Santiago","San Vicente"]},{"id":21,"nombre":"Caluma","parroquias":["Caluma"]},{"id":22,"nombre":"Las Naves","parroquias":["Las Mercedes","Las Naves","Las Naves"]}]},{"id":3,"nombre":"Cañar","cantones":[{"id":23,"nombre":"Azogues","parroquias":["Aurelio Bayas Martínez","Azogues","Borrero","San Francisco","Azogues","Cojitambo","Déleg","Guapán","Javier Loyola Chuquipata","Luis Cordero","Pindilig","Rivera","San Miguel","Solano","Taday"]},{"id":24,"nombre":"Biblián","parroquias":["Biblián","Nazón Cab. En Pampa de Domínguez","San Francisco de Sageo","Turupamba","Jerusalén"]},{"id":25,"nombre":"Cañar","parroquias":["Cañar","Chontamarca","Chorocopte","General Morales Socarte","Gualleturo","Honorato Vásquez Tambo Viejo","Ingapirca","Juncal","San Antonio","Suscal","Tambo","Zhud","Ventura","Ducur"]},{"id":26,"nombre":"La Troncal","parroquias":["La Troncal","Manuel J. Calle","Pancho Negro"]},{"id":27,"nombre":"El Tambo","parroquias":["El Tambo"]},{"id":28,"nombre":"Déleg","parroquias":["Déleg","Solano"]},{"id":29,"nombre":"Suscal","parroquias":["Suscal"]}]},{"id":4,"nombre":"Carchi","cantones":[{"id":30,"nombre":"Tulcán","parroquias":["González Suárez","Tulcán","Tulcán","El Carmelo El Pun","Huaca","Julio Andrade Orejuela","Maldonado","Pioter","Tobar Donoso La Bocana de Camumbí","Tufiño","Urbina Taya","El Chical","Mariscal Sucre","Santa Martha de Cuba"]},{"id":31,"nombre":"Bolívar","parroquias":["Bolívar","García Moreno","Los Andes","Monte Olivo","San Vicente de Pusir","San Rafael"]},{"id":32,"nombre":"Espejo","parroquias":["El Ángel","27 de Septiembre","El Angel","El Goaltal","La Libertad Alizo","San Isidro"]},{"id":33,"nombre":"Mira","parroquias":["Mira Chontahuasi","Concepción","Jijón Y Caamaño Cab. En Río Blanco","Juan Montalvo San Ignacio de Quil"]},{"id":34,"nombre":"Montúfar","parroquias":["González Suárez","San José","San Gabriel","Cristóbal Colón","Chitán de Navarrete","Fernández Salvador","La Paz","Piartal"]},{"id":35,"nombre":"San Pedro de Huaca","parroquias":["Huaca","Mariscal Sucre"]}]},{"id":5,"nombre":"Cotopaxi","cantones":[{"id":36,"nombre":"Latacunga","parroquias":["Eloy Alfaro San Felipe","Ignacio Flores Parque Flores","Juan Montalvo San Sebastián","La Matriz","San Buenaventura","Latacunga","Alaques Aláquez","Belisario Quevedo Guanailín","Guaitacama Guaytacama","Joseguango Bajo","Las Pampas","Mulaló","11 de Noviembre Ilinchisi","Poaló","San Juan de Pastocalle","Sigchos","Tanicuchí","Toacaso","Palo Quemado"]},{"id":37,"nombre":"La Maná","parroquias":["El Carmen","La Maná","El Triunfo","La Maná","Guasaganda Cab.En Guasaganda","Pucayacu"]},{"id":38,"nombre":"Pangua","parroquias":["El Corazón","Moraspungo","Pinllopata","Ramón Campaña"]},{"id":39,"nombre":"Pujili","parroquias":["Pujilí","Angamarca","Chucchilán Chugchilán","Guangaje","Isinlibí Isinliví","La Victoria","Pilaló","Tingo","Zumbahua"]},{"id":40,"nombre":"Salcedo","parroquias":["San Miguel","Antonio José Holguín Santa Lucía","Cusubamba","Mulalillo","Mulliquindil Santa Ana","Pansaleo"]},{"id":41,"nombre":"Saquisilí","parroquias":["Saquisilí","Canchagua","Chantilín","Cochapamba"]},{"id":42,"nombre":"Sigchos","parroquias":["Sigchos","Chugchillán","Isinliví","Las Pampas","Palo Quemado"]}]},{"id":6,"nombre":"Chimborazo","cantones":[{"id":43,"nombre":"Riobamba","parroquias":["Lizarzaburu","Maldonado","Velasco","Veloz","Yaruquíes","Riobamba","Cacha Cab. En Machángara","Calpi","Cubijíes","Flores","Licán","Licto","Pungalá","Punín","Quimiag","San Juan","San Luis"]},{"id":44,"nombre":"Alausi","parroquias":["Alausí","Achupallas","Cumandá","Guasuntos","Huigra","Multitud","Pistishí Nariz del Diablo","Pumallacta","Sevilla","Sibambe","Tixán"]},{"id":45,"nombre":"Colta","parroquias":["Cajabamba","Sicalpa","Villa La Unión Cajabamba","Cañi","Columbe","Juan de Velasco Pangor","Santiago de Quito Cab. En San Antonio de Quito"]},{"id":46,"nombre":"Chambo","parroquias":["Chambo"]},{"id":47,"nombre":"Chunchi","parroquias":["Chunchi","Capzol","Compud","Gonzol","Llagos"]},{"id":48,"nombre":"Guamote","parroquias":["Guamote","Cebadas","Palmira"]},{"id":49,"nombre":"Guano","parroquias":["El Rosario","La Matriz","Guano","Guanando","Ilapo","La Providencia","San Andrés","San Gerardo de Pacaicaguán","San Isidro de Patulú","San José del Chazo","Santa Fé de Galán","Valparaíso"]},{"id":50,"nombre":"Pallatanga","parroquias":["Pallatanga"]},{"id":51,"nombre":"Penipe","parroquias":["Penipe","El Altar","Matus","Puela","San Antonio de Bayushig","La Candelaria","Bilbao Cab.En Quilluyacu"]},{"id":52,"nombre":"Cumandá","parroquias":["Cumandá"]}]},{"id":7,"nombre":"El Oro","cantones":[{"id":53,"nombre":"Machala","parroquias":["La Providencia","Machala","Puerto Bolívar","Nueve de Mayo","El Cambio","Machala","El Cambio","El Retiro"]},{"id":54,"nombre":"Arenillas","parroquias":["Arenillas","Chacras","La Libertad","Las Lajas Cab. En La Victoria","Palmales","Carcabón"]},{"id":55,"nombre":"Atahualpa","parroquias":["Paccha","Ayapamba","Cordoncillo","Milagro","San José","San Juan de Cerro Azul"]},{"id":56,"nombre":"Balsas","parroquias":["Balsas","Bellamaría"]},{"id":57,"nombre":"Chilla","parroquias":["Chilla"]},{"id":58,"nombre":"El Guabo","parroquias":["El Guabo","Barbones Sucre","La Iberia","Tendales Cab.En Puerto Tendales","Río Bonito"]},{"id":59,"nombre":"Huaquillas","parroquias":["Ecuador","El Paraíso","Hualtaco","Milton Reyes","Unión Lojana","Huaquillas"]},{"id":60,"nombre":"Marcabelí","parroquias":["Marcabelí","El Ingenio"]},{"id":61,"nombre":"Pasaje","parroquias":["Bolívar","Loma de Franco","Ochoa León Matriz","Tres Cerritos","Pasaje","Buenavista","Casacay","La Peaña","Progreso","Uzhcurrumi","Cañaquemada"]},{"id":62,"nombre":"Piñas","parroquias":["La Matriz","La Susaya","Piñas Grande","Piñas","Capiro Cab. En La Capilla de Capiro","La Bocana","Moromoro Cab. En El Vado","Piedras","San Roque Ambrosio Maldonado","Saracay"]},{"id":63,"nombre":"Portovelo","parroquias":["Portovelo","Curtincapa","Morales","Salatí"]},{"id":64,"nombre":"Santa Rosa","parroquias":["Santa Rosa","Puerto Jelí","Balneario Jambelí Satélite","Jumón Satélite","Nuevo Santa Rosa","Santa Rosa","Bellavista","Jambelí","La Avanzada","San Antonio","Torata","Victoria","Bellamaría"]},{"id":65,"nombre":"Zaruma","parroquias":["Zaruma","Abañín","Arcapamba","Guanazán","Guizhaguiña","Huertas","Malvas","Muluncay Grande","Sinsao","Salvias"]},{"id":66,"nombre":"Las Lajas","parroquias":["La Victoria","Platanillos","Valle Hermoso","La Victoria","La Libertad","El Paraíso","San Isidro"]}]},{"id":8,"nombre":"Esmeraldas","cantones":[{"id":67,"nombre":"Esmeraldas","parroquias":["Bartolomé Ruiz César Franco Carrión","5 de Agosto","Esmeraldas","Luis Tello Las Palmas","Simón Plata Torres","Esmeraldas","Atacames","Camarones Cab. En San Vicente","Crnel. Carlos Concha Torres Cab.En Huele","Chinca","Chontaduro","Chumundé","Lagarto","La Unión","Majua","Montalvo Cab. En Horqueta","Río Verde","Rocafuerte","San Mateo","Súa Cab. En La Bocana","Tabiazo","Tachina","Tonchigüe","Vuelta Larga"]},{"id":68,"nombre":"Eloy Alfaro","parroquias":["Valdez Limones","Anchayacu","Atahualpa Cab. En Camarones","Borbón","La Tola","Luis Vargas Torres Cab. En Playa de Oro","Maldonado","Pampanal de Bolívar","San Francisco de Onzole","Santo Domingo de Onzole","Selva Alegre","Telembí","Colón Eloy del María","San José de Cayapas","Timbiré"]},{"id":69,"nombre":"Muisne","parroquias":["Muisne","Bolívar","Daule","Galera","Quingue Olmedo Perdomo Franco","Salima","San Francisco","San Gregorio","San José de Chamanga Cab.En Chamanga"]},{"id":70,"nombre":"Quinindé","parroquias":["Rosa Zárate Quinindé","Cube","Chura Chancama Cab. En El Yerbero","Malimpia","Viche","La Unión"]},{"id":71,"nombre":"San Lorenzo","parroquias":["San Lorenzo","Alto Tambo Cab. En Guadual","Ancón Pichangal Cab. En Palma Real","Calderón","Carondelet","5 de Junio Cab. En Uimbi","Concepción","Mataje Cab. En Santander","San Javier de Cachaví Cab. En San Javier","Santa Rita","Tambillo","Tululbí Cab. En Ricaurte","Urbina"]},{"id":72,"nombre":"Atacames","parroquias":["Atacames","La Unión","Súa Cab. En La Bocana","Tonchigüe","Tonsupa"]},{"id":73,"nombre":"Rioverde","parroquias":["Rioverde","Chontaduro","Chumundé","Lagarto","Montalvo Cab. En Horqueta","Rocafuerte"]},{"id":74,"nombre":"La Concordia","parroquias":["La Concordia","Monterrey","La Villegas","Plan Piloto"]}]},{"id":9,"nombre":"Guayas","cantones":[{"id":75,"nombre":"Guayaquil","parroquias":["Ayacucho","Bolívar Sagrario","Carbo Concepción","Febres Cordero","García Moreno","Letamendi","Nueve de Octubre","Olmedo San Alejo","Roca","Rocafuerte","Sucre","Tarqui","Urdaneta","Ximena","Pascuales","Guayaquil","Chongón","Juan Gómez Rendón Progreso","Morro","Pascuales","Playas Gral. Villamil","Posorja","Puná","Tenguel"]},{"id":76,"nombre":"Alfredo Baquerizo Moreno Juján","parroquias":["Alfredo Baquerizo Moreno Juján"]},{"id":77,"nombre":"Balao","parroquias":["Balao"]},{"id":78,"nombre":"Balzar","parroquias":["Balzar"]},{"id":79,"nombre":"Colimes","parroquias":["Colimes","San Jacinto"]},{"id":80,"nombre":"Daule","parroquias":["Daule","La Aurora Satélite","Banife","Emiliano Caicedo Marcos","Magro","Padre Juan Bautista Aguirre","Santa Clara","Vicente Piedrahita","Daule","Isidro Ayora Soledad","Juan Bautista Aguirre Los Tintos","Laurel","Limonal","Lomas de Sargentillo","Los Lojas Enrique Baquerizo Moreno","Piedrahita Nobol"]},{"id":81,"nombre":"Durán","parroquias":["Eloy Alfaro Durán","El Recreo","Eloy Alfaro Durán"]},{"id":82,"nombre":"El Empalme","parroquias":["Velasco Ibarra El Empalme","Guayas Pueblo Nuevo","El Rosario"]},{"id":83,"nombre":"El Triunfo","parroquias":["El Triunfo"]},{"id":84,"nombre":"Milagro","parroquias":["Milagro","Chobo","General Elizalde Bucay","Mariscal Sucre Huaques","Roberto Astudillo Cab. En Cruce de Venecia"]},{"id":85,"nombre":"Naranjal","parroquias":["Naranjal","Jesús María","San Carlos","Santa Rosa de Flandes","Taura"]},{"id":86,"nombre":"Naranjito","parroquias":["Naranjito"]},{"id":87,"nombre":"Palestina","parroquias":["Palestina"]},{"id":88,"nombre":"Pedro Carbo","parroquias":["Pedro Carbo","Valle de La Virgen","Sabanilla"]},{"id":89,"nombre":"Samborondón","parroquias":["Samborondón","La Puntilla Satélite","Samborondón","Tarifa"]},{"id":90,"nombre":"Santa Lucía","parroquias":["Santa Lucía"]},{"id":91,"nombre":"Salitre Urbina Jado","parroquias":["Bocana","Candilejos","Central","Paraíso","San Mateo","El Salitre Las Ramas","Gral. Vernaza Dos Esteros","La Victoria Ñauza","Junquillal"]},{"id":92,"nombre":"San Jacinto de Yaguachi","parroquias":["San Jacinto de Yaguachi","Crnel. Lorenzo de Garaicoa Pedregal","Crnel. Marcelino Maridueña San Carlos","Gral. Pedro J. Montero Boliche","Simón Bolívar","Yaguachi Viejo Cone","Virgen de Fátima"]},{"id":93,"nombre":"Playas","parroquias":["General Villamil Playas"]},{"id":94,"nombre":"Simón Bolívar","parroquias":["Simón Bolívar","Crnel.Lorenzo de Garaicoa Pedregal"]},{"id":95,"nombre":"Coronel Marcelino Maridueña","parroquias":["Coronel Marcelino Maridueña San Carlos"]},{"id":96,"nombre":"Lomas de Sargentillo","parroquias":["Lomas de Sargentillo","Isidro Ayora Soledad"]},{"id":97,"nombre":"Nobol","parroquias":["Narcisa de Jesús"]},{"id":98,"nombre":"General Antonio Elizalde","parroquias":["General Antonio Elizalde Bucay"]},{"id":99,"nombre":"Isidro Ayora","parroquias":["Isidro Ayora"]}]},{"id":10,"nombre":"Imbabura","cantones":[{"id":100,"nombre":"Ibarra","parroquias":["Caranqui","Guayaquil de Alpachaca","Sagrario","San Francisco","La Dolorosa del Priorato","San Miguel de Ibarra","Ambuquí","Angochagua","Carolina","La Esperanza","Lita","Salinas","San Antonio"]},{"id":101,"nombre":"Antonio Ante","parroquias":["Andrade Marín Lourdes","Atuntaqui","Atuntaqui","Imbaya San Luis de Cobuendo","San Francisco de Natabuela","San José de Chaltura","San Roque"]},{"id":102,"nombre":"Cotacachi","parroquias":["Sagrario","San Francisco","Cotacachi","Apuela","García Moreno Llurimagua","Imantag","Peñaherrera","Plaza Gutiérrez Calvario","Quiroga","6 de Julio de Cuellaje Cab. En Cuellaje","Vacas Galindo El Churo Cab.En San Miguel Alto"]},{"id":103,"nombre":"Otavalo","parroquias":["Jordán","San Luis","Otavalo","Dr. Miguel Egas Cabezas Peguche","Eugenio Espejo Calpaquí","González Suárez","Pataquí","San José de Quichinche","San Juan de Ilumán","San Pablo","San Rafael","Selva Alegre Cab.En San Miguel de Pamplona"]},{"id":104,"nombre":"Pimampiro","parroquias":["Pimampiro","Chugá","Mariano Acosta","San Francisco de Sigsipamba"]},{"id":105,"nombre":"San Miguel de Urcuquí","parroquias":["Urcuquí Cabecera Cantonal","Cahuasquí","La Merced de Buenos Aires","Pablo Arenas","San Blas","Tumbabiro"]}]},{"id":11,"nombre":"Loja","cantones":[{"id":106,"nombre":"Loja","parroquias":["El Sagrario","San Sebastián","Sucre","Valle","Loja","Chantaco","Chuquiribamba","El Cisne","Gualel","Jimbilla","Malacatos Valladolid","San Lucas","San Pedro de Vilcabamba","Santiago","Taquil Miguel Riofrío","Vilcabamba Victoria","Yangana Arsenio Castillo","Quinara"]},{"id":107,"nombre":"Calvas","parroquias":["Cariamanga","Chile","San Vicente","Cariamanga","Colaisaca","El Lucero","Utuana","Sanguillín"]},{"id":108,"nombre":"Catamayo","parroquias":["Catamayo","San José","Catamayo La Toma","El Tambo","Guayquichuma","San Pedro de La Bendita","Zambi"]},{"id":109,"nombre":"Celica","parroquias":["Celica","Cruzpamba Cab. En Carlos Bustamante","Chaquinal","12 de Diciembre Cab. En Achiotes","Pindal Federico Páez","Pozul San Juan de Pozul","Sabanilla","Tnte. Maximiliano Rodríguez Loaiza"]},{"id":110,"nombre":"Chaguarpamba","parroquias":["Chaguarpamba","Buenavista","El Rosario","Santa Rufina","Amarillos"]},{"id":111,"nombre":"Espíndola","parroquias":["Amaluza","Bellavista","Jimbura","Santa Teresita","27 de Abril Cab. En La Naranja","El Ingenio","El Airo"]},{"id":112,"nombre":"Gonzanamá","parroquias":["Gonzanamá","Changaimina La Libertad","Fundochamba","Nambacola","Purunuma Eguiguren","Quilanga La Paz","Sacapalca","San Antonio de Las Aradas Cab. En Las Aradas"]},{"id":113,"nombre":"Macará","parroquias":["General Eloy Alfaro San Sebastián","Macará Manuel Enrique Rengel Suquilanda","Macará","Larama","La Victoria","Sabiango La Capilla"]},{"id":114,"nombre":"Paltas","parroquias":["Catacocha","Lourdes","Catacocha","Cangonamá","Guachanamá","La Tingue","Lauro Guerrero","Olmedo Santa Bárbara","Orianga","San Antonio","Casanga","Yamana"]},{"id":115,"nombre":"Puyango","parroquias":["Alamor","Ciano","El Arenal","El Limo Mariana de Jesús","Mercadillo","Vicentino"]},{"id":116,"nombre":"Saraguro","parroquias":["Saraguro","El Paraíso de Celén","El Tablón","Lluzhapa","Manú","San Antonio de Qumbe Cumbe","San Pablo de Tenta","San Sebastián de Yúluc","Selva Alegre","Urdaneta Paquishapa","Sumaypamba"]},{"id":117,"nombre":"Sozoranga","parroquias":["Sozoranga","Nueva Fátima","Tacamoros"]},{"id":118,"nombre":"Zapotillo","parroquias":["Zapotillo","Mangahurco Cazaderos","Garzareal","Limones","Paletillas","Bolaspamba"]},{"id":119,"nombre":"Pindal","parroquias":["Pindal","Chaquinal","12 de Diciembre Cab.En Achiotes","Milagros"]},{"id":120,"nombre":"Quilanga","parroquias":["Quilanga","Fundochamba","San Antonio de Las Aradas Cab. En Las Aradas"]},{"id":121,"nombre":"Olmedo","parroquias":["Olmedo","La Tingue"]}]},{"id":12,"nombre":"Los Rios","cantones":[{"id":122,"nombre":"Babahoyo","parroquias":["Clemente Baquerizo","Dr. Camilo Ponce","Barreiro","El Salto","Babahoyo","Barreiro Santa Rita","Caracol","Febres Cordero Las Juntas","Pimocha","La Unión"]},{"id":123,"nombre":"Baba","parroquias":["Baba","Guare","Isla de Bejucal"]},{"id":124,"nombre":"Montalvo","parroquias":["Montalvo"]},{"id":125,"nombre":"Puebloviejo","parroquias":["Puebloviejo","Puerto Pechiche","San Juan"]},{"id":126,"nombre":"Quevedo","parroquias":["Quevedo","San Camilo","San José","Guayacán","Nicolás Infante Díaz","San Cristóbal","Siete de Octubre","24 de Mayo","Venus del Río Quevedo","Viva Alfaro","Quevedo","Buena Fé","Mocache","San Carlos","Valencia","La Esperanza"]},{"id":127,"nombre":"Urdaneta","parroquias":["Catarama","Ricaurte"]},{"id":128,"nombre":"Ventanas","parroquias":["10 de Noviembre","Ventanas","Quinsaloma","Zapotal","Chacarita","Los Ángeles"]},{"id":129,"nombre":"Vínces","parroquias":["Vinces","Antonio Sotomayor Cab. En Playas de Vinces","Palenque"]},{"id":130,"nombre":"Palenque","parroquias":["Palenque"]},{"id":131,"nombre":"Buena Fé","parroquias":["San Jacinto de Buena Fé","7 de Agosto","11 de Octubre","San Jacinto de Buena Fé","Patricia Pilar"]},{"id":132,"nombre":"Valencia","parroquias":["Valencia"]},{"id":133,"nombre":"Mocache","parroquias":["Mocache"]},{"id":134,"nombre":"Quinsaloma","parroquias":["Quinsaloma"]}]},{"id":13,"nombre":"Manabi","cantones":[{"id":135,"nombre":"Portoviejo","parroquias":["Portoviejo","12 de Marzo","Colón","Picoazá","San Pablo","Andrés de Vera","Francisco Pacheco","18 de Octubre","Simón Bolívar","Portoviejo","Abdón Calderón San Francisco","Alhajuela Bajo Grande","Crucita","Pueblo Nuevo","Riochico Río Chico","San Plácido","Chirijos"]},{"id":136,"nombre":"Bolívar","parroquias":["Calceta","Membrillo","Quiroga"]},{"id":137,"nombre":"Chone","parroquias":["Chone","Santa Rita","Chone","Boyacá","Canuto","Convento","Chibunga","Eloy Alfaro","Ricaurte","San Antonio"]},{"id":138,"nombre":"El Carmen","parroquias":["El Carmen","4 de Diciembre","El Carmen","Wilfrido Loor Moreira Maicito","San Pedro de Suma"]},{"id":139,"nombre":"Flavio Alfaro","parroquias":["Flavio Alfaro","San Francisco de Novillo Cab. En","Zapallo"]},{"id":140,"nombre":"Jipijapa","parroquias":["Dr. Miguel Morán Lucio","Manuel Inocencio Parrales Y Guale","San Lorenzo de Jipijapa","Jipijapa","América","El Anegado Cab. En Eloy Alfaro","Julcuy","La Unión","Machalilla","Membrillal","Pedro Pablo Gómez","Puerto de Cayo","Puerto López"]},{"id":141,"nombre":"Junín","parroquias":["Junín"]},{"id":142,"nombre":"Manta","parroquias":["Los Esteros","Manta","San Mateo","Tarqui","Eloy Alfaro","Manta","San Lorenzo","Santa Marianita Boca de Pacoche"]},{"id":143,"nombre":"Montecristi","parroquias":["Anibal San Andrés","Montecristi","El Colorado","General Eloy Alfaro","Leonidas Proaño","Montecristi","Jaramijó","La Pila"]},{"id":144,"nombre":"Paján","parroquias":["Paján","Campozano La Palma de Paján","Cascol","Guale","Lascano"]},{"id":145,"nombre":"Pichincha","parroquias":["Pichincha","Barraganete","San Sebastián"]},{"id":146,"nombre":"Rocafuerte","parroquias":["Rocafuerte"]},{"id":147,"nombre":"Santa Ana","parroquias":["Santa Ana","Lodana","Santa Ana de Vuelta Larga","Ayacucho","Honorato Vásquez Cab. En Vásquez","La Unión","Olmedo","San Pablo Cab. En Pueblo Nuevo"]},{"id":148,"nombre":"Sucre","parroquias":["Bahía de Caráquez","Leonidas Plaza Gutiérrez","Bahía de Caráquez","Canoa","Cojimíes","Charapotó","10 de Agosto","Jama","Pedernales","San Isidro","San Vicente"]},{"id":149,"nombre":"Tosagua","parroquias":["Tosagua","Bachillero","Angel Pedro Giler La Estancilla"]},{"id":150,"nombre":"24 de Mayo","parroquias":["Sucre","Bellavista","Noboa","Arq. Sixto Durán Ballén"]},{"id":151,"nombre":"Pedernales","parroquias":["Pedernales","Cojimíes","10 de Agosto","Atahualpa"]},{"id":152,"nombre":"Olmedo","parroquias":["Olmedo"]},{"id":153,"nombre":"Puerto López","parroquias":["Puerto López","Machalilla","Salango"]},{"id":154,"nombre":"Jama","parroquias":["Jama"]},{"id":155,"nombre":"Jaramijó","parroquias":["Jaramijó"]},{"id":156,"nombre":"San Vicente","parroquias":["San Vicente","Canoa"]}]},{"id":14,"nombre":"Morona Santiago","cantones":[{"id":157,"nombre":"Morona","parroquias":["Macas","Alshi Cab. En 9 de Octubre","Chiguaza","General Proaño","Huasaga Cab.En Wampuik","Macuma","San Isidro","Sevilla Don Bosco","Sinaí","Taisha","Zuña Zúñac","Tuutinentza","Cuchaentza","San José de Morona","Río Blanco"]},{"id":158,"nombre":"Gualaquiza","parroquias":["Gualaquiza","Mercedes Molina","Gualaquiza","Amazonas Rosario de Cuyes","Bermejos","Bomboiza","Chigüinda","El Rosario","Nueva Tarqui","San Miguel de Cuyes","El Ideal"]},{"id":159,"nombre":"Limón Indanza","parroquias":["General Leonidas Plaza Gutiérrez Limón","Indanza","Pan de Azúcar","San Antonio Cab. En San Antonio Centro","San Carlos de Limón San Carlos del","San Juan Bosco","San Miguel de Conchay","Santa Susana de Chiviaza Cab. En Chiviaza","Yunganza Cab. En El Rosario"]},{"id":160,"nombre":"Palora","parroquias":["Palora Metzera","Arapicos","Cumandá Cab. En Colonia Agrícola Sevilla del Oro","Huamboya","Sangay Cab. En Nayamanaca"]},{"id":161,"nombre":"Santiago","parroquias":["Santiago de Méndez","Copal","Chupianza","Patuca","San Luis de El Acho Cab. En El Acho","Santiago","Tayuza","San Francisco de Chinimbimi"]},{"id":162,"nombre":"Sucúa","parroquias":["Sucúa","Asunción","Huambi","Logroño","Yaupi","Santa Marianita de Jesús"]},{"id":163,"nombre":"Huamboya","parroquias":["Huamboya","Chiguaza","Pablo Sexto"]},{"id":164,"nombre":"San Juan Bosco","parroquias":["San Juan Bosco","Pan de Azúcar","San Carlos de Limón","San Jacinto de Wakambeis","Santiago de Pananza"]},{"id":165,"nombre":"Taisha","parroquias":["Taisha","Huasaga Cab. En Wampuik","Macuma","Tuutinentza","Pumpuentsa"]},{"id":166,"nombre":"Logroño","parroquias":["Logroño","Yaupi","Shimpis"]},{"id":167,"nombre":"Pablo Sexto","parroquias":["Pablo Sexto"]},{"id":168,"nombre":"Tiwintza","parroquias":["Santiago","San José de Morona"]}]},{"id":15,"nombre":"Napo","cantones":[{"id":169,"nombre":"Tena","parroquias":["Tena","Ahuano","Carlos Julio Arosemena Tola Zatza-Yacu","Chontapunta","Pano","Puerto Misahualli","Puerto Napo","Tálag","San Juan de Muyuna"]},{"id":170,"nombre":"Archidona","parroquias":["Archidona","Avila","Cotundo","Loreto","San Pablo de Ushpayacu","Puerto Murialdo"]},{"id":171,"nombre":"El Chaco","parroquias":["El Chaco","Gonzalo Díaz de Pineda El Bombón","Linares","Oyacachi","Santa Rosa","Sardinas"]},{"id":172,"nombre":"Quijos","parroquias":["Baeza","Cosanga","Cuyuja","Papallacta","San Francisco de Borja Virgilio Dávila","San José del Payamino","Sumaco"]},{"id":173,"nombre":"Carlos Julio Arosemena Tola","parroquias":["Carlos Julio Arosemena Tola"]}]},{"id":16,"nombre":"Pastaza","cantones":[{"id":174,"nombre":"Pastaza","parroquias":["Puyo","Arajuno","Canelos","Curaray","Diez de Agosto","Fátima","Montalvo Andoas","Pomona","Río Corrientes","Río Tigre","Santa Clara","Sarayacu","Simón Bolívar Cab. En Mushullacta","Tarqui","Teniente Hugo Ortiz","Veracruz Indillama Cab. En Indillama","El Triunfo"]},{"id":175,"nombre":"Mera","parroquias":["Mera","Madre Tierra","Shell"]},{"id":176,"nombre":"Santa Clara","parroquias":["Santa Clara","San José"]},{"id":177,"nombre":"Arajuno","parroquias":["Arajuno","Curaray"]}]},{"id":17,"nombre":"Pichincha","cantones":[{"id":178,"nombre":"Quito","parroquias":["Belisario Quevedo","Carcelén","Centro Histórico","Cochapamba","Comité del Pueblo","Cotocollao","Chilibulo","Chillogallo","Chimbacalle","El Condado","Guamaní","Iñaquito","Itchimbía","Jipijapa","Kennedy","La Argelia","La Concepción","La Ecuatoriana","La Ferroviaria","La Libertad","La Magdalena","La Mena","Mariscal Sucre","Ponceano","Puengasí","Quitumbe","Rumipamba","San Bartolo","San Isidro del Inca","San Juan","Solanda","Turubamba","Quito Distrito Metropolitano","Alangasí","Amaguaña","Atahualpa","Calacalí","Calderón","Conocoto","Cumbayá","Chavezpamba","Checa","El Quinche","Gualea","Guangopolo","Guayllabamba","La Merced","Llano Chico","Lloa","Mindo","Nanegal","Nanegalito","Nayón","Nono","Pacto","Pedro Vicente Maldonado","Perucho","Pifo","Píntag","Pomasqui","Puéllaro","Puembo","San Antonio","San José de Minas","San Miguel de Los Bancos","Tababela","Tumbaco","Yaruquí","Zambiza","Puerto Quito"]},{"id":179,"nombre":"Cayambe","parroquias":["Ayora","Cayambe","Juan Montalvo","Cayambe","Ascázubi","Cangahua","Olmedo Pesillo","Otón","Santa Rosa de Cuzubamba"]},{"id":180,"nombre":"Mejia","parroquias":["Machachi","Alóag","Aloasí","Cutuglahua","El Chaupi","Manuel Cornejo Astorga Tandapi","Tambillo","Uyumbicho"]},{"id":181,"nombre":"Pedro Moncayo","parroquias":["Tabacundo","La Esperanza","Malchinguí","Tocachi","Tupigachi"]},{"id":182,"nombre":"Rumiñahui","parroquias":["Sangolquí","San Pedro de Taboada","San Rafael","Sangolqui","Cotogchoa","Rumipamba"]},{"id":183,"nombre":"San Miguel de Los Bancos","parroquias":["San Miguel de Los Bancos","Mindo","Pedro Vicente Maldonado","Puerto Quito"]},{"id":184,"nombre":"Pedro Vicente Maldonado","parroquias":["Pedro Vicente Maldonado"]},{"id":185,"nombre":"Puerto Quito","parroquias":["Puerto Quito"]}]},{"id":18,"nombre":"Tungurahua","cantones":[{"id":186,"nombre":"Ambato","parroquias":["Atocha – Ficoa","Celiano Monge","Huachi Chico","Huachi Loreto","La Merced","La Península","Matriz","Pishilata","San Francisco","Ambato","Ambatillo","Atahualpa Chisalata","Augusto N. Martínez Mundugleo","Constantino Fernández Cab. En Cullitahua","Huachi Grande","Izamba","Juan Benigno Vela","Montalvo","Pasa","Picaigua","Pilagüín Pilahüín","Quisapincha Quizapincha","San Bartolomé de Pinllog","San Fernando Pasa San Fernando","Santa Rosa","Totoras","Cunchibamba","Unamuncho"]},{"id":187,"nombre":"Baños de Agua Santa","parroquias":["Baños de Agua Santa","Lligua","Río Negro","Río Verde","Ulba"]},{"id":188,"nombre":"Cevallos","parroquias":["Cevallos"]},{"id":189,"nombre":"Mocha","parroquias":["Mocha","Pinguilí"]},{"id":190,"nombre":"Patate","parroquias":["Patate","El Triunfo","Los Andes Cab. En Poatug","Sucre Cab. En Sucre-Patate Urcu"]},{"id":191,"nombre":"Quero","parroquias":["Quero","Rumipamba","Yanayacu - Mochapata Cab. En Yanayacu"]},{"id":192,"nombre":"San Pedro de Pelileo","parroquias":["Pelileo","Pelileo Grande","Pelileo","Benítez Pachanlica","Bolívar","Cotaló","Chiquicha Cab. En Chiquicha Grande","El Rosario Rumichaca","García Moreno Chumaqui","Guambaló Huambaló","Salasaca"]},{"id":193,"nombre":"Santiago de Píllaro","parroquias":["Ciudad Nueva","Píllaro","Píllaro","Baquerizo Moreno","Emilio María Terán Rumipamba","Marcos Espinel Chacata","Presidente Urbina Chagrapamba -Patzucul","San Andrés","San José de Poaló","San Miguelito"]},{"id":194,"nombre":"Tisaleo","parroquias":["Tisaleo","Quinchicoto"]}]},{"id":19,"nombre":"Zamora Chinchipe","cantones":[{"id":195,"nombre":"Zamora","parroquias":["El Limón","Zamora","Zamora","Cumbaratza","Guadalupe","Imbana La Victoria de Imbana","Paquisha","Sabanilla","Timbara","Zumbi","San Carlos de Las Minas"]},{"id":196,"nombre":"Chinchipe","parroquias":["Zumba","Chito","El Chorro","El Porvenir del Carmen","La Chonta","Palanda","Pucapamba","San Francisco del Vergel","Valladolid","San Andrés"]},{"id":197,"nombre":"Nangaritza","parroquias":["Guayzimi","Zurmi","Nuevo Paraíso"]},{"id":198,"nombre":"Yacuambi","parroquias":["28 de Mayo San José de Yacuambi","La Paz","Tutupali"]},{"id":199,"nombre":"Yantzaza Yanzatza","parroquias":["Yantzaza Yanzatza","Chicaña","El Pangui","Los Encuentros"]},{"id":200,"nombre":"El Pangui","parroquias":["El Pangui","El Guisme","Pachicutza","Tundayme"]},{"id":201,"nombre":"Centinela del Cóndor","parroquias":["Zumbi","Paquisha","Triunfo-Dorado","Panguintza"]},{"id":202,"nombre":"Palanda","parroquias":["Palanda","El Porvenir del Carmen","San Francisco del Vergel","Valladolid","La Canela"]},{"id":203,"nombre":"Paquisha","parroquias":["Paquisha","Bellavista","Nuevo Quito"]}]},{"id":20,"nombre":"Galápagos","cantones":[{"id":204,"nombre":"San Cristóbal","parroquias":["Puerto Baquerizo Moreno","El Progreso","Isla Santa María Floreana Cab. En Pto. Velasco Ibarra"]},{"id":205,"nombre":"Isabela","parroquias":["Puerto Villamil","Tomás de Berlanga Santo Tomás"]},{"id":206,"nombre":"Santa Cruz","parroquias":["Puerto Ayora","Bellavista","Santa Rosa Incluye La Isla Baltra"]}]},{"id":21,"nombre":"Sucumbíos","cantones":[{"id":207,"nombre":"Lago Agrio","parroquias":["Nueva Loja","Cuyabeno","Dureno","General Farfán","Tarapoa","El Eno","Pacayacu","Jambelí","Santa Cecilia","Aguas Negras"]},{"id":208,"nombre":"Gonzalo Pizarro","parroquias":["El Dorado de Cascales","El Reventador","Gonzalo Pizarro","Lumbaquí","Puerto Libre","Santa Rosa de Sucumbíos"]},{"id":209,"nombre":"Putumayo","parroquias":["Puerto El Carmen del Putumayo","Palma Roja","Puerto Bolívar Puerto Montúfar","Puerto Rodríguez","Santa Elena"]},{"id":210,"nombre":"Shushufindi","parroquias":["Shushufindi","Limoncocha","Pañacocha","San Roque Cab. En San Vicente","San Pedro de Los Cofanes","Siete de Julio"]},{"id":211,"nombre":"Sucumbíos","parroquias":["La Bonita","El Playón de San Francisco","La Sofía","Rosa Florida","Santa Bárbara"]},{"id":212,"nombre":"Cascales","parroquias":["El Dorado de Cascales","Santa Rosa de Sucumbíos","Sevilla"]},{"id":213,"nombre":"Cuyabeno","parroquias":["Tarapoa","Cuyabeno","Aguas Negras"]}]},{"id":22,"nombre":"Orellana","cantones":[{"id":214,"nombre":"Orellana","parroquias":["Puerto Francisco de Orellana El Coca","Dayuma","Taracoa Nueva Esperanza: Yuca","Alejandro Labaka","El Dorado","El Edén","García Moreno","Inés Arango Cab. En Western","La Belleza","Nuevo Paraíso Cab. En Unión","San José de Guayusa","San Luis de Armenia"]},{"id":215,"nombre":"Aguarico","parroquias":["Tipitini","Nuevo Rocafuerte","Capitán Augusto Rivadeneyra","Cononaco","Santa María de Huiririma","Tiputini","Yasuní"]},{"id":216,"nombre":"La Joya de Los Sachas","parroquias":["La Joya de Los Sachas","Enokanqui","Pompeya","San Carlos","San Sebastián del Coca","Lago San Pedro","Rumipamba","Tres de Noviembre","Unión Milagreña"]},{"id":217,"nombre":"Loreto","parroquias":["Loreto","Avila Cab. En Huiruno","Puerto Murialdo","San José de Payamino","San José de Dahuano","San Vicente de Huaticocha"]}]},{"id":23,"nombre":"Santo Domingo de Los Tsáchilas","cantones":[{"id":218,"nombre":"Santo Domingo","parroquias":["Abraham Calazacón","Bombolí","Chiguilpe","Río Toachi","Río Verde","Santo Domingo de Los Colorados","Zaracay","Santo Domingo de Los Colorados","Alluriquín","Puerto Limón","Luz de América","San Jacinto del Búa","Valle Hermoso","El Esfuerzo","Santa María del Toachi"]}]},{"id":24,"nombre":"Santa Elena","cantones":[{"id":219,"nombre":"Santa Elena","parroquias":["Ballenita","Santa Elena","Santa Elena","Atahualpa","Colonche","Chanduy","Manglaralto","Simón Bolívar Julio Moreno","San José de Ancón"]},{"id":220,"nombre":"La Libertad","parroquias":["La Libertad"]},{"id":221,"nombre":"Salinas","parroquias":["Carlos Espinoza Larrea","Gral. Alberto Enríquez Gallo","Vicente Rocafuerte","Santa Rosa","Salinas","Anconcito","José Luis Tamayo Muey"]}]},{"id":25,"nombre":"Zonas No Delimitadas","cantones":[{"id":222,"nombre":"Las Golondrinas","parroquias":["Las Golondrinas","Manga del Cura","El Piedrero"]},{"id":223,"nombre":"Manga del Cura","parroquias":[]},{"id":224,"nombre":"El Piedrero","parroquias":[]}]}]